Brand,SKU,Category,last_updated
ZENS,ZEAW01B,Brandhut-managed,2023-10-24
ZENS,ZEBI03W,Brandhut-managed,2023-10-24
ZENS,ZEBI04W,Brandhut-managed,2023-10-24
ZENS,ZEDC02BA,Brandhut-managed,2023-10-24
ZENS,ZEDC02BP,Brandhut-managed,2023-10-24
ZENS,ZEDC02BP-1,Brandhut-managed,2023-10-24
ZENS,ZEDC04B,Brandhut-managed,2023-10-24
ZENS,ZEDC04B-SKL,Brandhut-managed,2023-10-24
ZENS,ZEDC04W-SKL,Brandhut-managed,2023-10-24
ZENS,ZEDC05B-SKL,Brandhut-managed,2023-10-24
ZENS,ZEDC05W-SKL,Brandhut-managed,2023-10-24
ZENS,ZEDC06B,Brandhut-managed,2023-10-24
ZENS,ZEDC06B-1,Brandhut-managed,2023-10-24
ZENS,ZEDC06W,Brandhut-managed,2023-10-24
ZENS,ZEDC06W-1,Brandhut-managed,2023-10-24
ZENS,ZEDC07B,Brandhut-managed,2023-10-24
ZENS,ZEDC07W,Brandhut-managed,2023-10-24
ZENS,ZEDC08B-1,Brandhut-managed,2023-10-24
ZENS,ZEDC09G-1,Brandhut-managed,2023-10-24
ZENS,ZEDC10B,Brandhut-managed,2023-10-24
ZENS,ZEDC14B-1,Brandhut-managed,2023-10-24
ZENS,ZEDC15B,Brandhut-managed,2023-10-24
ZENS,ZEDC15B-1,Brandhut-managed,2023-10-24
ZENS,ZEDC16W,Brandhut-managed,2023-10-24
ZENS,ZEDC16W-1,Brandhut-managed,2023-10-24
ZENS,ZEDC18B,Brandhut-managed,2023-10-24
ZENS,ZEDC21B/00,Brandhut-managed,2023-10-24
ZENS,ZEMSC1A,Brandhut-managed,2023-10-24
ZENS,ZEMSC1A-1,Brandhut-managed,2023-10-24
ZENS,ZESC06B,Brandhut-managed,2023-10-24
ZENS,ZESC07B,Brandhut-managed,2023-10-24
ZENS,ZESC07B-1,Brandhut-managed,2023-10-24
ZENS,ZESC07BA,Brandhut-managed,2023-10-24
ZENS,ZESC08BA-SKL,Brandhut-managed,2023-10-24
ZENS,ZESC08W,Brandhut-managed,2023-10-24
ZENS,ZESC11B,Brandhut-managed,2023-10-24
ZENS,ZESC12B,Brandhut-managed,2023-10-24
ZENS,ZESC12B-1,Brandhut-managed,2023-10-24
ZENS,ZESC13B,Brandhut-managed,2023-10-24
ZENS,ZESC13W-1,Brandhut-managed,2023-10-24
ZENS,ZESC14B,Brandhut-managed,2023-10-24
ZENS,ZESC15B,Brandhut-managed,2023-10-24
ZENS,ZEAPM03/00,MAG/STAND,2023-11-10
ZENS,ZEAW01B,Liberty,2023-11-10
ZENS,ZEBI03W,BUILTIN,2023-11-10
ZENS,ZEBI04W,BUILTIN,2023-11-10
ZENS,ZEDC05B-SKL,PAD,2023-11-10
ZENS,ZEDC08B-1,Liberty,2023-11-10
ZENS,ZEDC09G-1,Liberty,2023-11-10
ZENS,ZEDC10B,PAD,2023-11-10
ZENS,ZEDC14B-1,PAD,2023-11-10
ZENS,ZEDC15B,STAND,2023-11-10
ZENS,ZEDC18B,MAG/STAND,2023-11-10
ZENS,ZEDC22B/00,MAG/STAND,2023-11-10
ZENS,ZESC14B,PAD,2023-11-10
ZENS,ZESC15B,STAND,2023-11-10
ZENS,ZEDC26B/00,Qi2,2024-05-07
ZENS,ZESC16B/00,Qi2,2024-05-07
ZENS,ZESC17B/00,Qi2,2024-05-07
Roku,73S001RE-C2,Roku Express,2024-07-03
Roku,73S001RE-C5,Roku Express,2024-07-03
Roku,73S001RE-C4C2,Roku Express,2024-07-03
Roku,73S001RV-C4,Roku Voice,2024-07-03
Roku,73S001RV-C5,Roku Voice,2024-07-03
Roku,73S001RV-C2,Roku Voice,2024-07-03
Roku,73S001RV-C4C2,Roku Voice,2024-07-03
ZENS,ZEDC28B/00,Qi2,2024-10-04
ONANOFF,BP-BLUE,OanO EOL,2024-11-26
ONANOFF,BP-DIS-PINK,OanO EOL,2024-11-26
ONANOFF,BP-EX-BLUE,Explore Plus,2024-11-26
ONANOFF,BP-EX-FD-BLUE,OanO EOL,2024-11-26
ONANOFF,BP-EX-FD-PINK,OanO EOL,2024-11-26
ONANOFF,BP-EX-FD-PINK-01-K,OanO EOL,2024-11-26
ONANOFF,BP-EX-FD-YELLOW,OanO EOL,2024-11-26
ONANOFF,BP-EX-PINK,Explore Plus,2024-11-26
ONANOFF,BP-EXPLOREP-DPBLUE,Explore Plus,2024-11-26
ONANOFF,BP-EXPLOREP-GREY,Explore Plus,2024-11-26
ONANOFF,BP-EXPLOREP-WHITE-4,Explore Plus,2024-11-26
ONANOFF,BP-EX-YELLOW,Explore Plus,2024-11-26
ONANOFF,BP-GALAXY-GREY,OanO EOL,2024-11-26
ONANOFF,BP-IF-GREEN-01-C,OanO EOL,2024-11-26
ONANOFF,BP-IF-PINK,OanO EOL,2024-11-26
ONANOFF,BP-IF-PURPLE,OanO EOL,2024-11-26
ONANOFF,BP-SCHOOLP-BLUE,School Plus,2024-11-26
ONANOFF,BP-SCHOOLP-GREEN,School Plus,2024-11-26
ONANOFF,BP-SCHOOLP-PINK-1,School Plus,2024-11-26
ONANOFF,BP-EXPLOREP-YELLOW-2,Explore Plus,2024-11-26
Other,POP-HSCOCCYX,other (not part of onanoff),2024-11-26
Other,HSLOW-2PK,other (not part of onanoff),2024-11-26
Other,POP-HSLOW-2PK,other (not part of onanoff),2024-11-26
ONANOFF,BT-BP-POP-FUN-PK,Pop Fun,2024-11-26
ONANOFF,BP-BT-WV-MONKEY-SKL,OanO EOL,2024-11-26
ONANOFF,BP-WAVE-MONKEY,OanO EOL,2024-11-26
ONANOFF,BP-BLUE-01-K,OanO EOL,2024-11-26
ONANOFF,BP-EX-FD-PR,OanO EOL,2024-11-26
Other,POP-SolarB12-4PK,other (not part of onanoff),2024-11-26
Other,POP-SSB25-BK,other (not part of onanoff),2024-11-26
Other,POP-SSB17-BK,other (not part of onanoff),2024-11-26
Other,POP-SSB25-TK,other (not part of onanoff),2024-11-26
ONANOFF,BP-BT-PY-2,OanO EOL,2024-11-26
ONANOFF,BP-BT-PY-2-SKL,OanO EOL,2024-11-26
Other,POP-HOTSEAT1,other (not part of onanoff),2024-11-26
Other,POP-SolarB15-2PK,other (not part of onanoff),2024-11-26
ONANOFF,BP-FD-UNICORN,OanO EOL,2024-11-26
Other,POP-FRIES,other (not part of onanoff),2024-11-26
ONANOFF,BP-GUARDIAN-GY,OanO EOL,2024-11-26
ONANOFF,BP-GUARDIAN-2-PK,OanO EOL,2024-11-26
ONANOFF,BP-SCHOOLP-YELLOW,School Plus,2024-11-26
ONANOFF,BP-DIS-BLUE,OanO EOL,2024-11-26
Other,POP-SPIRL,other (not part of onanoff),2024-11-26
Other,POP-HSOBL,other (not part of onanoff),2024-11-26
Other,POP-DOGR-1,other (not part of onanoff),2024-11-26
Other,POP-HOTSEAT2PK,other (not part of onanoff),2024-11-26
Other,POP-CAP25,other (not part of onanoff),2024-11-26
ONANOFF,BP-BT-PLAY-SAKURA-SKL,OanO EOL,2024-11-26
ONANOFF,BP-BT-PLAY-SAFARI,OanO EOL,2024-11-26
ONANOFF,BP-GALAXY-PURPLE,OanO EOL,2024-11-26
ONANOFF,BP-COSMOS-DRAGON,OanO EOL,2024-11-26
ONANOFF,BP-EXPLOREP-PINK-2,Explore Plus,2024-11-26
ONANOFF,BP-BT-WV-BEE,OanO EOL,2024-11-26
ONANOFF,BP-BT-WV-BEE-SKL,OanO EOL,2024-11-26
ONANOFF,BP-WAVE-BEE,OanO EOL,2024-11-26
ONANOFF,BP-BT-WV-ROBOT-C-M,OanO EOL,2024-11-26
Other,POP-HSCAMP-1,other (not part of onanoff),2024-11-26
ONANOFF,BT-BP-COSMOSP-BLUE,Cosmo,2024-11-26
ONANOFF,BT-BP-COSMOSF-PK,Cosmo,2024-11-26
ONANOFF,BT-BP-COSMOSP-DPBLUE,Cosmo,2024-11-26
ONANOFF,BT-BP-COSMOSF-BL,Cosmo,2024-11-26
ONANOFF,amzn.gr.BT-BP-COSMOSP-PINK-IWm73c0Bs0-LN,Cosmo,2024-11-26
ONANOFF,BT-BP-COSMOSP-GREY,Cosmo,2024-11-26
ONANOFF,amzn.gr.BP-EXPLOREP-YELLOW-q15QgR0m-7-LN,Explore Plus,2024-11-26
ONANOFF,amzn.gr.BP-EXPLOREP-YELLOW-YY3o_nzLM9-GD,Explore Plus,2024-11-26
ONANOFF,BP-EXPLOREP-YELLOW,Explore Plus,2024-11-26
ONANOFF,amzn.gr.BP-EXPLOREP-BLUE-RwlOhuNLNscw-PO,Explore Plus,2024-11-26
ONANOFF,BT-BP-COSMOSP-PINK,Cosmo,2024-11-26
ONANOFF,BP-EXPLOREP-BLUE,Explore Plus,2024-11-26
ONANOFF,BP-EX-PINK-01-K,Explore Plus,2024-11-26
ONANOFF,BP-EXPLOREP-PINK,Explore Plus,2024-11-26
ONANOFF,BT-BP-COSMOSP-WHITE,Cosmo,2024-11-26
ONANOFF,amzn.gr.BP-EXPLOREP-DPBLUE-AuWgBdM3d7-PO,Explore Plus,2024-11-26
ONANOFF,amzn.gr.BP-EXPLOREP-DPBLUE-r0gNK2bFNE-LN,Explore Plus,2024-11-26
ONANOFF,BT-BP-COSMOSP-YELLOW,Cosmo,2024-11-26
ONANOFF,BP-EXPLOREP-BLUE-1,Explore Plus,2024-11-26
ONANOFF,BT-BP-PLAYP-BLUE,Play Plus,2024-11-26
ONANOFF,BP-EX-FD-BLUE-01-K-M,OanO EOL,2024-11-26
ONANOFF,BP-FD-BLUE,OanO EOL,2024-11-26
ONANOFF,BT-BP-PLAYP-DPBLUE,Play Plus,2024-11-26
ONANOFF,BP-FD-PINK,OanO EOL,2024-11-26
ONANOFF,BP-IF-BLUE-01-C,OanO EOL,2024-11-26
ONANOFF,BP-IF-2,OanO EOL,2024-11-26
ONANOFF,BP-IF-2-SKL,OanO EOL,2024-11-26
ONANOFF,amzn.gr.BP-IF-PURPLE-zWuESABIT5i3zcMH-PO,OanO EOL,2024-11-26
ONANOFF,BT-BP-PLAYP-EARS-BEAR,Play Ears,2024-11-26
ONANOFF,BP-DIS-BLUE-01-K,OanO EOL,2024-11-26
ONANOFF,BT-BP-PLAYP-EARS-DOG,Play Ears,2024-11-26
ONANOFF,BP-FD-YELLOW,OanO EOL,2024-11-26
ONANOFF,BP-BT-WV-UNICORN,OanO EOL,2024-11-26
ONANOFF,BP-BT-WV-UNICORN-1,OanO EOL,2024-11-26
ONANOFF,BP-WAVE-UNICORN,OanO EOL,2024-11-26
ONANOFF,BP-BT-WV-ROBOT,OanO EOL,2024-11-26
ONANOFF,BP-BT-WV-ROBOT-SKL,OanO EOL,2024-11-26
ONANOFF,BP-WAVE-ROBOT,OanO EOL,2024-11-26
ONANOFF,BT-BP-PLAYP-GREY,Play Plus,2024-11-26
ONANOFF,BT-BP-PLAYP-EARS-CAT,Play Ears,2024-11-26
ONANOFF,BT-BP-PLAYP-EARS-CAT-1,Play Ears,2024-11-26
ONANOFF,BT-BP-PLAYP-EARS-FOX,Play Ears,2024-11-26
ONANOFF,amzn.gr.BT-BP-PLAYP-WHITE-k0oWu5-cZEx-LN,Play Plus,2024-11-26
ONANOFF,BT-BP-PLAYP-PINK,Play Plus,2024-11-26
ONANOFF,amzn.gr.BT-BP-PLAYP-DPBLUE-FVk49oZtbX-LN,Play Plus,2024-11-26
ONANOFF,BT-BP-PLAYP-WHITE,Play Plus,2024-11-26
ONANOFF,amzn.gr.BT-BP-PLAYP-PINK-3A-PumfjCmEV-LN,Play Plus,2024-11-26
ONANOFF,amzn.gr.BT-BP-PLAYP-PINK-a2mUyBjqGHoH-PO,Play Plus,2024-11-26
ONANOFF,BT-BP-PLAYP-YELLOW,Play Plus,2024-11-26
ONANOFF,BT-BP-POP-FUN-BL,Pop Fun,2024-11-26
ONANOFF,BT-BP-POP-FUN-GR,Pop Fun,2024-11-26
ONANOFF,BT-BP-POP-FUN-WH,Pop Fun,2024-11-26
ONANOFF,BT-BP-POP-FUN-YL,Pop Fun,2024-11-26
ONANOFF,BP-SCHOOLP-PINK,School Plus,2024-11-26
ONANOFF,BT-BP-SCHOOLP-GREEN,School Plus Wireless,2024-11-26
ONANOFF,BT-BP-SCHOOLP-YELLOW,School Plus Wireless,2024-11-26
ONANOFF,BT-BP-SCHOOLP-BLUE,School Plus Wireless,2024-11-26
ONANOFF,BT-BP-SCHOOLP-PINK,School Plus Wireless,2024-11-26
Zens Legacy,ZEDC16W,Other,2024-12-04
Other,QISW01-SK4PK-SLV,Other,2024-12-04
Other,R-RBL002-LED,Other,2024-12-04
Other,R-TBL010-LED,Other,2024-12-04
Other,R-TDL010-LED,Other,2024-12-04
73&Sunny,73S001RE-C4,Roku Express,2024-12-04
ONANOFF,Uncommingled.MSKU.1687301742649,OanO EOL,2024-12-04
73&Sunny,73S001RE-C2,Roku Express,2024-12-04
73&Sunny,73S001RE-C5,Roku Express,2024-12-04
73&Sunny,73S001RE-C4C2,Roku Express,2024-12-04
73&Sunny,73S001RV-C4C2,Roku Voice,2024-12-04
73&Sunny,73S001RV-C4,Roku Voice,2024-12-04
73&Sunny,73S001RV-C5,Roku Voice,2024-12-04
73&Sunny,73S001RV-C2,Roku Voice,2024-12-04
Zens,B07RD1H2F8,Zens,2025-01-02
Zens,X001XIUTYL,Zens,2025-01-02
73&sunny,73S001RE-C2,73&sunny,2025-01-02
73&sunny,73S001RE-C4,73&sunny,2025-01-02
73&sunny,73S001RE-C5,73&sunny,2025-01-02
73&sunny,73S001RV-C2,73&sunny,2025-01-02
73&sunny,73S001RV-C4,73&sunny,2025-01-02
73&sunny,73S001RV-C4C2,73&sunny,2025-01-02
73&sunny,73S001RV-C5,73&sunny,2025-01-02
Other,FBA181QV2416.Missing1,Other,2025-01-02
Other,163C00001-500ML,Other,2025-01-03
Other,163D00001-500ML,Other,2025-01-03
Pablo Artists' Choice,171B00001,ACR-6,2025-01-03
73&Sunny,73S001RE-C2,Roku Express,2025-01-03
73&Sunny,73S001RE-C4,Roku Express,2025-01-03
73&Sunny,73S001RE-C4C2,Roku Express,2025-01-03
73&Sunny,73S001RE-C5,Roku Express,2025-01-03
73&Sunny,73S001RV-C2,Roku Voice,2025-01-03
73&Sunny,73S001RV-C4,Roku Voice,2025-01-03
73&Sunny,73S001RV-C4C2,Roku Voice,2025-01-03
73&Sunny,73S001RV-C5,Roku Voice,2025-01-03
73&Sunny,73S002SIRI-C2,Siri,2025-01-03
73&Sunny,73S002SIRI-C4,Siri,2025-01-03
73&Sunny,73S002SIRI-C4C2,Siri,2025-01-03
73&Sunny,73S002SIRI-C5,Siri,2025-01-03
73&Sunny,73S002SIRI-C6,Siri,2025-01-03
73&Sunny,73S002SIRI-C7,Siri,2025-01-03
73&Sunny,73S002SIRI-C9,Siri,2025-01-03
Alora,ALORA-BGE-3PK,Alora,2025-01-03
Alora,ALORA-GRY-3PK,Alora,2025-01-03
Alora,ALORA-WHT-3PK,Alora,2025-01-03
Alora,ALORA-WHT-GLOSS-1PK,Alora,2025-01-03
Onanoff 2,AM-ON-STORYPH-DIS-BLUE,Storyphones,2025-01-03
Onanoff 2,AM-ON-STORYPH-DIS-PINK,Storyphones,2025-01-03
Onanoff 2,AM-SS-JAKE-DOC-SOFIA-TINKER-SET,Storyshield,2025-01-03
ONANOFF,AM-SS-PIXAR-SET,EOL,2025-01-03
Onanoff 2,AM-SS-PRINCESS-SET,Storyshield,2025-01-03
ONANOFF,BP-BP2,EOL,2025-01-03
ONANOFF,BP-EX-BG-SKL,EOL,2025-01-03
ONANOFF,BP-EX-PY-SKL,EOL,2025-01-03
ONANOFF,BP-EXPLOREP-BLUE,Explore Plus,2025-01-03
ONANOFF,BP-EXPLOREP-BLUE-1,Explore Plus,2025-01-03
ONANOFF,BP-EXPLOREP-GREY,Explore Plus,2025-01-03
ONANOFF,BP-EXPLOREP-PINK,Explore Plus,2025-01-03
ONANOFF,BP-EXPLOREP-PINK-2,Explore Plus,2025-01-03
ONANOFF,BP-EXPLOREP-WHITE-4,Explore Plus,2025-01-03
ONANOFF,BP-EXPLOREP-YELLOW,Explore Plus,2025-01-03
ONANOFF,BP-EXPLOREP-YELLOW-2,Explore Plus,2025-01-03
ONANOFF,BP-FD-BLUE,EOL,2025-01-03
ONANOFF,BP-FD-ORANGE,Explore Plus,2025-01-03
ONANOFF,BP-GALAXY-GREY,EOL,2025-01-03
ONANOFF,BP-GALAXY-PURPLE,EOL,2025-01-03
ONANOFF,BP-SCHOOLP-BLUE,School Plus,2025-01-03
ONANOFF,BP-SCHOOLP-GREEN,School Plus,2025-01-03
ONANOFF,BP-SCHOOLP-YELLOW-2,School Plus,2025-01-03
ONANOFF,BP-WAVE-ROBOT,EOL,2025-01-03
ONANOFF,BT-BP-COSMOSF-BL-1,Cosmo - fun,2025-01-03
ONANOFF,BT-BP-COSMOSF-GR,Cosmo - fun,2025-01-03
ONANOFF,BT-BP-COSMOSF-PK-1,Cosmo - fun,2025-01-03
ONANOFF,BT-BP-COSMOSP-DPBLUE,Cosmo,2025-01-03
ONANOFF,BT-BP-COSMOSP-GREY,Cosmo,2025-01-03
ONANOFF,BT-BP-COSMOSP-YELLOW,Cosmo,2025-01-03
ONANOFF,BT-BP-PLAYP-BLUE,Cosmo,2025-01-03
ONANOFF,BT-BP-PLAYP-EARS-BEAR,Play Ears,2025-01-03
ONANOFF,BT-BP-PLAYP-EARS-CAT,Play Ears,2025-01-03
ONANOFF,BT-BP-PLAYP-EARS-CAT-1,Play Ears,2025-01-03
ONANOFF,BT-BP-PLAYP-EARS-DOG,Play Ears,2025-01-03
ONANOFF,BT-BP-PLAYP-EARS-FOX,Play Ears,2025-01-03
ONANOFF,BT-BP-PLAYP-GREY,Play Plus,2025-01-03
ONANOFF,BT-BP-PLAYP-PINK,Play Plus,2025-01-03
ONANOFF,BT-BP-PLAYP-WHITE,Play Plus,2025-01-03
ONANOFF,BT-BP-PLAYP-YELLOW,Play Plus,2025-01-03
ONANOFF,BT-BP-POP-FUN-BL,Pop Fun,2025-01-03
ONANOFF,BT-BP-POP-FUN-GR,Pop Fun,2025-01-03
ONANOFF,BT-BP-POP-FUN-PK,Pop Fun,2025-01-03
ONANOFF,BT-BP-POP-FUN-WH,Pop Fun,2025-01-03
ONANOFF,BT-BP-POP-FUN-YL,Pop Fun,2025-01-03
ONANOFF,BT-BP-SCHOOLP-BLUE,School Plus,2025-01-03
ONANOFF,BT-BP-SCHOOLP-GREEN,School Plus,2025-01-03
ONANOFF,BT-BP-SCHOOLP-PINK,School Plus,2025-01-03
ONANOFF,BT-BP-SCHOOLP-YELLOW,School Plus,2025-01-03
ONANOFF,BT-BP-WV-ROBOT,EOL,2025-01-03
Fokus,BT-ON-FOKUSP-H-DUGREY,Fokus,2025-01-03
Fokus,BT-ON-FOKUSP-H-MNBLUE,Fokus,2025-01-03
Cellini,CLALNCFCRE120,Cel-120,2025-01-03
Cellini,CLALNCFCRE30,Cel-30,2025-01-03
Cellini,CLALNCFDEL120,Cel-120,2025-01-03
Cellini,CLALNCFDEL30,Cel-30,2025-01-03
Cellini,CLALNCFINT120,Cel-120,2025-01-03
Cellini,CLALNCFINT30,Cel-30,2025-01-03
Cellini,CLALNCFKIT120,Cel-120,2025-01-03
Cellini,CLALNCFKIT80,Cel-80,2025-01-03
Cellini,CLALNCFMEL120,Cel-120,2025-01-03
Cellini,CLALNCFMEL30,Cel-30,2025-01-03
Alora,FBA181QNPSRP.Missing.2,Alora,2025-01-03
Onanoff 2,ON-STORYPH-DIS-BLUE,Storyphones,2025-01-03
Onanoff 2,ON-STORYPH-DIS-PINK,Storyphones,2025-01-03
Onanoff 2,ON-STORYPH-GREY,Storyphones,2025-01-03
Onanoff 2,ON-STORYPH-S.WHITE,Storyphones,2025-01-03
Other,POP-HOTSEAT2PK,Other,2025-01-03
spot.,SPOT-BGE-3PK,SPOT,2025-01-03
spot.,SPOT-BLU-3PK,SPOT,2025-01-03
spot.,SPOT-GRN-3PK,SPOT,2025-01-03
spot.,SPOT-GRY-3PK,SPOT,2025-01-03
spot.,SPOT-PCN-1PK,SPOT,2025-01-03
spot.,SPOT-PCN-1PK-stickerless,SPOT,2025-01-03
spot.,SPOT-WHT-3PK,SPOT,2025-01-03
Onanoff 2,SS-JAKE-DOC-SOFIA-TINKER-SET,Storyshield,2025-01-03
Onanoff 2,SS-PIXAR MONSTERS INC,Storyshield,2025-01-03
Onanoff 2,SS-PIXAR THE INCREDIBLES,Storyshield,2025-01-03
Onanoff 2,SS-PIXAR TOY STORY,Storyshield,2025-01-03
Onanoff 2,SS-PIXAR-SET,Storyshield,2025-01-03
Onanoff 2,SS-PLAYSHIELD,Storyshield,2025-01-03
Onanoff 2,SS-PRINCESS-SET,Storyshield,2025-01-03
Onanoff 2,SS-ZENSHIELD,Storyphones,2025-01-03
Onanoff 2,STSH-CHRISTMAS IS COMING,Storyshields,2025-01-03
ONANOFF,Uncommingled.MSKU.1687301742649,EOL,2025-01-03
Cellini,Uncommingled.MSKU.1688142146084,Cel-80,2025-01-03
Cellini,Uncommingled.MSKU.1688399754564,Cel-30,2025-01-03
Cellini,Uncommingled.MSKU.1688400759261,Cel-30,2025-01-03
Cellini,Uncommingled.MSKU.1688401345630,Cel-30,2025-01-03
Cellini,Uncommingled.MSKU.1688401994050,Cel-120,2025-01-03
Cellini,Uncommingled.MSKU.1688402028771,Cel-120,2025-01-03
Cellini,Uncommingled.MSKU.1688402057779,Cel-120,2025-01-03
Onanoff 2,AM-SS-DIS100-SET,Storyshield,2025-01-03
ONANOFF,BT-BP-COSMOSP-PINK,Cosmo,2025-01-03
Tiny Tree Houses,T-TH-FSCT-M-X,Tiny Tree Houses,2025-01-03
Tiny Tree Houses,T-TH-TTHA-S-X,Tiny Tree Houses,2025-01-03
Tiny Tree Houses,T-TH-WDOP-S-X,Tiny Tree Houses,2025-01-03
Tiny Tree Houses,T-TM-GRTD-S-X,Tiny Tree Houses,2025-01-03
Tiny Tree Houses,T-TM-OJOY-M-X,Tiny Tree Houses,2025-01-03
Tiny Tree Houses,T-TH-HZED-M-X,Tiny Tree Houses,2025-01-03
ONANOFF,BP-EX-FD-ORANGE-01-K,EOL,2025-01-03
ONANOFF,BP-EX-PY,EOL,2025-01-03
Other,POP-SSB17-ST,Other,2025-01-03
Other,POP-FLO,Other,2025-01-03
ONANOFF,BT-BP-COSMOSF-WH-1,Cosmo - fun,2025-01-03
ONANOFF,BT-BP-COSMOSF-BL,Cosmo - fun,2025-01-03
ONANOFF,BT-BP-COSMOSF-PK,Cosmo - fun,2025-01-03
ONANOFF,BP-EX-YELLOW,Explore Plus,2025-01-03
ONANOFF,BP-EX-BLUE,Explore Plus,2025-01-03
ONANOFF,BP-EX-PINK,Explore Plus,2025-01-03
ONANOFF,BP-EXPLOREP-WHITE-3,Explore Plus,2025-01-03
ONANOFF,BP-EXPLOREP-DPBLUE,Explore Plus,2025-01-03
ONANOFF,BP-DIS-PINK,EOL,2025-01-03
ONANOFF,BP-EX-FD-BLUE-01-K,EOL,2025-01-03
ONANOFF,BP-EX-FD-PINK-01-K,EOL,2025-01-03
ONANOFF,BP-IF-PINK,EOL,2025-01-03
ONANOFF,BP-IF-BLUE,EOL,2025-01-03
ONANOFF,BP-IF-2,EOL,2025-01-03
ONANOFF,BP-IF-PURPLE,EOL,2025-01-03
ONANOFF,BP-IF-GREEN,EOL,2025-01-03
ONANOFF,BP-DIS-BLUE-01-K,EOL,2025-01-03
ONANOFF,BP-DIS-PINK-01-K,EOL,2025-01-03
ONANOFF,BP-BT-WV-ROBOT,EOL,2025-01-03
Other,POP-HSOBL,Other,2025-01-03
ONANOFF,BT-BP-PLAYP-DPBLUE,Play Plus,2025-01-03
ONANOFF,BP-SCHOOLP-YELLOW,School Plus,2025-01-03
ONANOFF,BP-SCHOOLP-PINK,School Plus,2025-01-03
Onanoff 2,AM-ON-STORYPH-GREY,Storyphones,2025-01-03
Onanoff 2,AM-ON-STORYPH-S.WHITE,Storyphones,2025-01-03
Onanoff 2,AM-SS-TOYSTORY-XMAS-SET-1,Storyshield,2025-01-03
Other,QI-FW-01-BLKTN,Other,2025-01-03
Other,QISW01-4SET-SLV,Other,2025-01-03
Other,QISW01-4SET-GLD,Other,2025-01-03
Other,QISW01-SK4PK-BLK,Other,2025-01-03
Other,QISW01-SK4PK-GLD,Other,2025-01-03
Other,QISW01-SK4PK-SLV,Other,2025-01-03
Zens,ZEDC08B,MAG/STAND,2025-01-03
Zens,ZEDC09G,Liberty,2025-01-03
Zens,ZEDC05B,PAD,2025-01-03
Zens,ZEDC14B,PAD,2025-01-03
Charm&Heritage,R-TFD004-LED,Charm&Heritage,2025-01-03
Charm&Heritage,R-TFSD004-LED,Charm&Heritage,2025-01-03
Charm&Heritage,R-PUL006-LED,Charm&Heritage,2025-01-03
Charm&Heritage,R-TFB004-LED,Charm&Heritage,2025-01-03
Charm&Heritage,R-PLK006up-LED,Charm&Heritage,2025-01-03
Charm&Heritage,R-DSL005-LED,Charm&Heritage,2025-01-03
Charm&Heritage,R-RSL002-LED,Charm&Heritage,2025-01-03
Charm&Heritage,R-THL010-LED,Charm&Heritage,2025-01-03
Other,1001-15oz-MANGO,Other,2025-01-03
Other,EVGEAR-L12,Other,2025-01-03
Charm&Heritage,R-RBL002-LED,Charm&Heritage,2025-01-03
Charm&Heritage,R-TBL010-LED,Charm&Heritage,2025-01-03
Charm&Heritage,R-TDL010-LED,Charm&Heritage,2025-01-03
Zens,ZEAPM03,MODULAR,2025-01-03
Zens,ZEDC18B,MAGSAFE,2025-01-03
Zens,ZEDC21B/00,MAGSAFE,2025-01-03
Zens,ZEDC22B/00,MAGSAFE,2025-01-03
Zens,ZESC16B/00,MAGSAFE,2025-01-03
Zens,ZEDC26B/00,MAGSAFE,2025-01-03
Zens,ZEAW01B,LIBERTY,2025-01-03
Zens,ZEDC08B-1,LIBERTY,2025-01-03
Zens,ZEDC09G,LIBERTY,2025-01-03
Zens,ZEBI03W,BUILT-IN CHARGER,2025-01-03
Zens,ZEBI04W,BUILT-IN CHARGER,2025-01-03
Zens,ZEDC05B-SKL,PAD,2025-01-03
Zens,ZEDC14B,PAD,2025-01-03
Zens,ZESC14B,PAD,2025-01-03
Zens,ZEDC10B,PAD,2025-01-03
Zens,ZESC15B,STAND,2025-01-03
Zens,ZEDC15B,STAND,2025-01-03
Zens,ZESC17B/00,Qi2,2025-01-03
Zens,ZEDC25B/00,Qi2,2025-01-03
Zens,ZEDC27B/00,Qi2,2025-01-03
Zens,ZEDC28B/00,Qi2,2025-01-03
Other,ZEDC02BA,Other,2025-01-03
Other,ZEDC02BP,Other,2025-01-03
Other,ZEDC02BP-1,Other,2025-01-03
Other,ZEDC04W-SKL,Other,2025-01-03
Other,ZEDC16W,Other,2025-01-03
Other,ZESC07B-1,Other,2025-01-03
Other,ZESC07BA,Other,2025-01-03
Other,ZESC08BA-SKL,Other,2025-01-03
Other,ZESC08W,Other,2025-01-03
Other,ZESC11B,Other,2025-01-03
Other,ZESC12B-1,Other,2025-01-03
Other,ZESC13W-1,Other,2025-01-03
Other,ZEDC05W-SKL,Other,2025-01-03
Zens,ZEDC09G-1,Liberty,2025-01-03
